,age,gender,polyuria,polydipsia,sudden_weight_loss,weakness,polyphagia,genital_thrush,visual_blurring,itching,irritability,delayed_healing,partial_paresis,muscle_stiffness,alopecia,obesity,class
count,520.0,520.0,520.0,520.0,520.0,520.0,520.0,520.0,520.0,520.0,520.0,520.0,520.0,520.0,520.0,520.0,520.0
mean,48.02884615384615,0.36923076923076925,0.49615384615384617,0.4480769230769231,0.4173076923076923,0.5865384615384616,0.45576923076923076,0.2230769230769231,0.4480769230769231,0.48653846153846153,0.2423076923076923,0.4596153846153846,0.4307692307692308,0.375,0.34423076923076923,0.16923076923076924,0.6153846153846154
std,12.151465995249458,0.4830612329047302,0.5004666563981023,0.49777554684298253,0.49358940673958085,0.49292835255534573,0.4985193728834038,0.41671038750906086,0.49777554684298253,0.5003000433665971,0.4288920861017091,0.4988463049741518,0.49566073204006966,0.484589093558012,0.4755742747103406,0.37531667376029265,0.48697272374767114
min,16.0,0.0,0.0,0.0,0.0,0.0,0.0,0.0,0.0,0.0,0.0,0.0,0.0,0.0,0.0,0.0,0.0
25%,39.0,0.0,0.0,0.0,0.0,0.0,0.0,0.0,0.0,0.0,0.0,0.0,0.0,0.0,0.0,0.0,0.0
50%,47.5,0.0,0.0,0.0,0.0,1.0,0.0,0.0,0.0,0.0,0.0,0.0,0.0,0.0,0.0,0.0,1.0
75%,57.0,1.0,1.0,1.0,1.0,1.0,1.0,0.0,1.0,1.0,0.0,1.0,1.0,1.0,1.0,0.0,1.0
max,90.0,1.0,1.0,1.0,1.0,1.0,1.0,1.0,1.0,1.0,1.0,1.0,1.0,1.0,1.0,1.0,1.0
